<?xml version="1.0" encoding="UTF-8" standalone="yes"?>
<contentHaul xmlns:a="http://www.appian.com/ae/types/2009">
    <versionUuid>_a-0000df67-fba4-8000-9ba2-011c48011c48_48993</versionUuid>
    <rule>
        <name>Marshall_employee_Reports_Intrf</name>
        <uuid>_a-0000df67-fba4-8000-9ba2-011c48011c48_47756</uuid>
        <description></description>
        <parentUuid>_a-0000df67-fba4-8000-9ba2-011c48011c48_47742</parentUuid>
        <visibility>
            <advertise>false</advertise>
            <hierarchy>true</hierarchy>
            <indexable>true</indexable>
            <quota>false</quota>
            <searchable>true</searchable>
            <system>false</system>
            <unlogged>false</unlogged>
        </visibility>
        <definition>= load(
  local!filterStr: "",
  local!selectedDepartment: "HR",
  local!empByDeptData: #"SYSTEM_SYSRULES_queryEntity"(
    entity: #"_a-0000df52-6831-8000-9ba2-011c48011c48_8124",
    query: #"SYSTEM_SYSRULES_query"(
      aggregation: #"SYSTEM_SYSRULES_queryAggregation"(
        aggregationColumns: {
          #"SYSTEM_SYSRULES_queryAggregationColumn"(
            field: "department",
            isGrouping: true
          ),
          #"SYSTEM_SYSRULES_queryAggregationColumn"(
            field: "department",
            alias: "numberOfEmployees",
            aggregationFunction: "COUNT"
          )
        }
      ),
      pagingInfo: #"SYSTEM_SYSRULES_pagingInfo"(
        startIndex: 1,
        batchSize: - 1,
        sort: #"SYSTEM_SYSRULES_sortInfo"(
          field: "department",
          ascending: true
        )
      )
    )
  ),
  local!pagingInfo: #"SYSTEM_SYSRULES_pagingInfo"(
    startIndex: 1,
    batchSize: 5,
    sort: #"SYSTEM_SYSRULES_sortInfo"(
      field: "firstName",
      ascending: true
    )
  ),
  with(
    local!datasubset: #"SYSTEM_SYSRULES_queryEntity"(
      entity: #"_a-0000df52-6831-8000-9ba2-011c48011c48_8124",
      query: #"SYSTEM_SYSRULES_query"(
        pagingInfo: local!pagingInfo,
        filter: #"SYSTEM_SYSRULES_queryFilter"(
          field: "department",
          operator: "=",
          value: local!selectedDepartment
        )
      )
    ),
    local!dataForCurrentPage: local!datasubset.data,
    #"SYSTEM_SYSRULES_dashboardLayout_v1"(
      contents: {
        #"SYSTEM_SYSRULES_pieChartField"(
          label: "employees by Dept",
          series: #"SYSTEM_SYSRULES_forEach"(
            items: local!empByDeptData.data,
            expression: #"SYSTEM_SYSRULES_chartSeries"(
              label: fv!item.department,
              data: fv!item.numberOfEmployees,
              links: #"SYSTEM_SYSRULES_dynamicLink"(
                value: fv!item.department,
                saveInto: local!selectedDepartment
              )
            )
          )
        ),
        #"SYSTEM_SYSRULES_gridField"(
          label: "Employees",
          totalCount: local!datasubset.totalCount,
          columns: {
            #"SYSTEM_SYSRULES_gridTextColumn"(
              label: "First Name",
              field: "firstName",
              data: index(
                local!dataForCurrentPage,
                "firstName",
                null
              ),
              alignment: "LEFT"
            ),
            #"SYSTEM_SYSRULES_gridTextColumn"(
              label: "Last Name",
              field: "lastName",
              data: index(
                local!dataForCurrentPage,
                "lastName",
                null
              ),
              alignment: "LEFT"
            ),
            #"SYSTEM_SYSRULES_gridTextColumn"(
              label: "Email",
              field: "email",
              data: index(
                local!dataForCurrentPage,
                "email",
                null
              ),
              alignment: "LEFT"
            )
          },
          value: local!pagingInfo,
          saveInto: local!pagingInfo
        )
      }
    )
  )
)</definition>
        <metadataExpr></metadataExpr>
        <preferredEditor>interface</preferredEditor>
        <offlineEnabled>false</offlineEnabled>
    </rule>
    <roleMap public="true">
        <role inherit="true" allowForAll="false" name="readers">
            <users/>
            <groups/>
        </role>
        <role inherit="true" allowForAll="false" name="authors">
            <users/>
            <groups/>
        </role>
        <role inherit="true" allowForAll="false" name="administrators">
            <users>
                <userUuid>Madhu</userUuid>
            </users>
            <groups/>
        </role>
        <role inherit="false" allowForAll="false" name="denyReaders">
            <users/>
            <groups/>
        </role>
        <role inherit="false" allowForAll="false" name="denyAuthors">
            <users/>
            <groups/>
        </role>
        <role inherit="false" allowForAll="false" name="denyAdministrators">
            <users/>
            <groups/>
        </role>
    </roleMap>
    <history>
        <historyInfo versionUuid="_a-0000df67-fba4-8000-9ba2-011c48011c48_48993"/>
    </history>
</contentHaul>
