<?xml version="1.0" encoding="UTF-8" standalone="yes"?>
<webApiHaul xmlns:a="http://www.appian.com/ae/types/2009">
    <webApi a:uuid="15071450-46c9-4cc9-bd18-c87504a4d611" name="Marshall_Json_RestApi">
        <a:description>Marshall_Json_RestApi</a:description>
        <a:expression>with(
  /*
  * If there is a username specified in the query string of the HTTP request,
  * we'll retrieve information about the specified user.  If there is no
  * username specified then we'll retrieve information about the user that is
  * executing the Web API.
  */
  local!username: if(
    isnull(http!request.queryParameters.username),
    loggedInUser(),
    http!request.queryParameters.username
  ),

  /*
  * Retrieve information about the user using the 'user()' function and assemble
  * this information into a dictionary and store that dictionary in a local
  * variable named 'local!user'.
  */
  local!hi: {
    firstName: "madu",
    lastName: "marshall",
    email: "email.com",
    phoneNumber: "hi"
  },

  /*
  * Construct an HTTP response that contains the information that we just stored
  * in 'local!user'.
  */
  #"SYSTEM_SYSRULES_httpResponse"(
    /*
    * Set an HTTP header that tells the client that the body of the response
    * will be JSON-encoded.
    */
    headers: {
      #"SYSTEM_SYSRULES_httpHeader"(name: "Content-Type", value: "application/json")
    },
    /*
    * JSON-encode the value of 'local!user' and place it in the response body.
    */
    body: #"SYSTEM_SYSRULES_toJson_v1"(value: local!hi)
  )
)</a:expression>
        <a:urlAlias>e1KERA</a:urlAlias>
        <a:httpMethod>GET</a:httpMethod>
        <a:system>false</a:system>
    </webApi>
    <roleMap/>
    <typedValue>
        <type>
            <name>WebApiRequest?list</name>
            <namespace>http://www.appian.com/ae/types/2009</namespace>
        </type>
        <value>
            <el>
                <a:path/>
                <a:queryParameters>
                    <a:name>username</a:name>
                    <a:value>Madhu</a:value>
                </a:queryParameters>
                <a:body/>
            </el>
        </value>
    </typedValue>
</webApiHaul>
