<?xml version="1.0" encoding="UTF-8" standalone="yes"?>
<webApiHaul xmlns:a="http://www.appian.com/ae/types/2009">
    <webApi a:uuid="a8c8c917-1e1a-4053-9836-7c5f21e66dd9" name="gggg">
        <a:description></a:description>
        <a:expression>#"SYSTEM_SYSRULES_httpResponse"(
  /*
  * The 'statusCode' parameter is a number that represents the HTTP status code
  * of the response. If no status code is specified, a default of '200' is used,
  * meaning that the request was successful.
  */
  statusCode: 200,

  /*
  * The 'headers' parameter is a list of HTTP headers to include on the response.
  * HTTP headers should be built with 'a!httpHeader()'.
  */
  headers: {},

  /*
  * The 'body' parameter is the text that will be included in the HTTP response's
  * body.
  */
  body: "Hello World"
)</a:expression>
        <a:urlAlias>0Mkujg</a:urlAlias>
        <a:httpMethod>GET</a:httpMethod>
        <a:system>false</a:system>
    </webApi>
    <roleMap/>
    <typedValue>
        <type>
            <name>WebApiRequest?list</name>
            <namespace>http://www.appian.com/ae/types/2009</namespace>
        </type>
        <value>
            <el>
                <a:path/>
                <a:body/>
            </el>
        </value>
    </typedValue>
</webApiHaul>
