<?xml version="1.0" encoding="UTF-8" standalone="yes"?>
<dataStoreHaul xmlns:a="http://www.appian.com/ae/types/2009">
    <dataStore>
        <uuid>_a-0000df67-fba4-8000-9ba2-011c48011c48_49414</uuid>
        <name>MarshallEmployeeDataStore</name>
        <description>marshall emp data store</description>
        <dataSourceKey>jdbc/appian_training</dataSourceKey>
        <adaptingExplicitSqlNames>false</adaptingExplicitSqlNames>
        <autoUpdateSchema>false</autoUpdateSchema>
        <entities>
            <entity>
                <uuid>0a8e983c-55a4-4edf-88c4-4fa2ca33ed3a</uuid>
                <name>MarshallEmployee</name>
                <type>{com.liquidhub.training}MarshallEmployee</type>
            </entity>
            <entity>
                <uuid>51004efd-0054-4376-af77-ecedb4b23723</uuid>
                <name>MarshallEmpAddress</name>
                <type>{com:mad:addrs}MarshallEmpAddress</type>
            </entity>
        </entities>
    </dataStore>
    <isPublished>true</isPublished>
    <roleMap>
        <role inherit="false" allowForAll="false" name="administrators">
            <users/>
            <groups/>
        </role>
        <role inherit="false" allowForAll="false" name="authors">
            <users/>
            <groups/>
        </role>
        <role inherit="false" allowForAll="false" name="denyAdministrators">
            <users/>
            <groups/>
        </role>
        <role inherit="false" allowForAll="false" name="denyAuthors">
            <users/>
            <groups/>
        </role>
        <role inherit="false" allowForAll="false" name="denyReaders">
            <users/>
            <groups/>
        </role>
        <role inherit="false" allowForAll="false" name="readers">
            <users/>
            <groups/>
        </role>
    </roleMap>
</dataStoreHaul>
