<?xml version="1.0" encoding="UTF-8" standalone="yes"?>
<contentHaul xmlns:a="http://www.appian.com/ae/types/2009">
    <versionUuid>_a-0000df67-fba4-8000-9ba2-011c48011c48_50020</versionUuid>
    <constant>
        <name>MarshallEmpAddressConstant</name>
        <uuid>_a-0000df67-fba4-8000-9ba2-011c48011c48_50016</uuid>
        <description>MarshallEmployeeAddress Constant</description>
        <parentUuid>_a-0000df67-fba4-8000-9ba2-011c48011c48_50011</parentUuid>
        <visibility>
            <advertise>false</advertise>
            <hierarchy>true</hierarchy>
            <indexable>true</indexable>
            <quota>false</quota>
            <searchable>true</searchable>
            <system>false</system>
            <unlogged>false</unlogged>
        </visibility>
        <typedValue>
            <type>
                <name>DataStoreEntity</name>
                <namespace>http://www.appian.com/ae/types/2009</namespace>
            </type>
            <value a:id="0a8e983c-55a4-4edf-88c4-4fa2ca33ed3a@_a-0000df67-fba4-8000-9ba2-011c48011c48_49414"/>
        </typedValue>
        <isEnvironmentSpecific>false</isEnvironmentSpecific>
    </constant>
    <roleMap public="true">
        <role inherit="true" allowForAll="false" name="readers">
            <users/>
            <groups/>
        </role>
        <role inherit="true" allowForAll="false" name="authors">
            <users/>
            <groups/>
        </role>
        <role inherit="true" allowForAll="false" name="administrators">
            <users/>
            <groups/>
        </role>
        <role inherit="false" allowForAll="false" name="denyReaders">
            <users/>
            <groups/>
        </role>
        <role inherit="false" allowForAll="false" name="denyAuthors">
            <users/>
            <groups/>
        </role>
        <role inherit="false" allowForAll="false" name="denyAdministrators">
            <users/>
            <groups/>
        </role>
    </roleMap>
    <history>
        <historyInfo versionUuid="_a-0000df67-fba4-8000-9ba2-011c48011c48_50020"/>
    </history>
</contentHaul>
