<?xml version="1.0" encoding="UTF-8" standalone="yes"?>
<applicationHaul xmlns:a="http://www.appian.com/ae/types/2009">
    <versionUuid>_a-0000df67-fba4-8000-9ba2-011c48011c48_50132</versionUuid>
    <application>
        <name>Marshall_MultipleTableRelations</name>
        <uuid>_a-0000df67-fba4-8000-9ba2-011c48011c48_49376</uuid>
        <description>Marshall_MultipleTableRelations</description>
        <parentUuid>SYSTEM_APPLICATIONS_ROOT</parentUuid>
        <visibility>
            <advertise>false</advertise>
            <hierarchy>true</hierarchy>
            <indexable>true</indexable>
            <quota>false</quota>
            <searchable>true</searchable>
            <system>false</system>
            <unlogged>false</unlogged>
        </visibility>
        <urlIdentifier>qxgmug</urlIdentifier>
        <published>false</published>
        <public>false</public>
        <associatedObjects>
            <globalIdMap>
                <item>
                    <type>datatype</type>
                    <uuids>
                        <uuid>{com.liquidhub.training}MarshallEmployee</uuid>
                        <uuid>{com:mad:addrs}empAddress</uuid>
                        <uuid>{com:mad:addrs}MarshallEmpAddress</uuid>
                    </uuids>
                </item>
                <item>
                    <type>dataStore</type>
                    <uuids>
                        <uuid>_a-0000df67-fba4-8000-9ba2-011c48011c48_49414</uuid>
                    </uuids>
                </item>
                <item>
                    <type>user</type>
                    <uuids/>
                </item>
                <item>
                    <type>groupType</type>
                    <uuids/>
                </item>
                <item>
                    <type>group</type>
                    <uuids/>
                </item>
                <item>
                    <type>content</type>
                    <uuids>
                        <uuid>_a-0000df67-fba4-8000-9ba2-011c48011c48_50011</uuid>
                        <uuid>_a-0000df67-fba4-8000-9ba2-011c48011c48_50016</uuid>
                    </uuids>
                </item>
                <item>
                    <type>forum</type>
                    <uuids/>
                </item>
                <item>
                    <type>processModelFolder</type>
                    <uuids/>
                </item>
                <item>
                    <type>processModel</type>
                    <uuids/>
                </item>
                <item>
                    <type>portlet</type>
                    <uuids/>
                </item>
                <item>
                    <type>page</type>
                    <uuids/>
                </item>
                <item>
                    <type>application</type>
                    <uuids/>
                </item>
                <item>
                    <type>tempoFeed</type>
                    <uuids/>
                </item>
                <item>
                    <type>recordType</type>
                    <uuids/>
                </item>
                <item>
                    <type>tempoReport</type>
                    <uuids/>
                </item>
                <item>
                    <type>taskReport</type>
                    <uuids/>
                </item>
                <item>
                    <type>webApi</type>
                    <uuids>
                        <uuid>a8c8c917-1e1a-4053-9836-7c5f21e66dd9</uuid>
                        <uuid>15071450-46c9-4cc9-bd18-c87504a4d611</uuid>
                    </uuids>
                </item>
                <item>
                    <type>site</type>
                    <uuids/>
                </item>
                <item>
                    <type>adminSetting</type>
                    <uuids/>
                </item>
                <item>
                    <type>thirdPartyCredentials</type>
                    <uuids/>
                </item>
                <item>
                    <type>dataSource</type>
                    <uuids/>
                </item>
                <item>
                    <type>embeddedSailTheme</type>
                    <uuids/>
                </item>
                <item>
                    <type>connectedSystem</type>
                    <uuids/>
                </item>
            </globalIdMap>
        </associatedObjects>
        <applicationNavigation/>
        <applicationActions/>
        <associatedApplications>
            <globalIdMap>
                <item>
                    <type>datatype</type>
                    <uuids/>
                </item>
                <item>
                    <type>dataStore</type>
                    <uuids/>
                </item>
                <item>
                    <type>user</type>
                    <uuids/>
                </item>
                <item>
                    <type>groupType</type>
                    <uuids/>
                </item>
                <item>
                    <type>group</type>
                    <uuids/>
                </item>
                <item>
                    <type>content</type>
                    <uuids/>
                </item>
                <item>
                    <type>forum</type>
                    <uuids/>
                </item>
                <item>
                    <type>processModelFolder</type>
                    <uuids/>
                </item>
                <item>
                    <type>processModel</type>
                    <uuids/>
                </item>
                <item>
                    <type>portlet</type>
                    <uuids/>
                </item>
                <item>
                    <type>page</type>
                    <uuids/>
                </item>
                <item>
                    <type>application</type>
                    <uuids/>
                </item>
                <item>
                    <type>tempoFeed</type>
                    <uuids/>
                </item>
                <item>
                    <type>recordType</type>
                    <uuids/>
                </item>
                <item>
                    <type>tempoReport</type>
                    <uuids/>
                </item>
                <item>
                    <type>taskReport</type>
                    <uuids/>
                </item>
                <item>
                    <type>webApi</type>
                    <uuids/>
                </item>
                <item>
                    <type>site</type>
                    <uuids/>
                </item>
                <item>
                    <type>adminSetting</type>
                    <uuids/>
                </item>
                <item>
                    <type>thirdPartyCredentials</type>
                    <uuids/>
                </item>
                <item>
                    <type>dataSource</type>
                    <uuids/>
                </item>
                <item>
                    <type>embeddedSailTheme</type>
                    <uuids/>
                </item>
                <item>
                    <type>connectedSystem</type>
                    <uuids/>
                </item>
            </globalIdMap>
        </associatedApplications>
    </application>
    <roleMap>
        <contentRoleMap public="true">
            <role inherit="false" allowForAll="false" name="readers">
                <users/>
                <groups/>
            </role>
            <role inherit="false" allowForAll="false" name="authors">
                <users/>
                <groups/>
            </role>
            <role inherit="false" allowForAll="false" name="administrators">
                <users>
                    <userUuid>Madhu</userUuid>
                </users>
                <groups/>
            </role>
            <role inherit="false" allowForAll="false" name="denyReaders">
                <users/>
                <groups/>
            </role>
            <role inherit="false" allowForAll="false" name="denyAuthors">
                <users/>
                <groups/>
            </role>
            <role inherit="false" allowForAll="false" name="denyAdministrators">
                <users/>
                <groups/>
            </role>
        </contentRoleMap>
    </roleMap>
    <history>
        <historyInfo versionUuid="_a-0000df67-fba4-8000-9ba2-011c48011c48_50132"/>
    </history>
</applicationHaul>
