<?xml version="1.0" encoding="UTF-8" standalone="yes"?>
<contentHaul xmlns:a="http://www.appian.com/ae/types/2009">
    <versionUuid>_a-0000df67-fba4-8000-9ba2-011c48011c48_50193</versionUuid>
    <rule>
        <name>Madhu_Employee_Details_Interface</name>
        <uuid>_a-0000df62-e884-8000-9ba2-011c48011c48_9173</uuid>
        <description>Displaying the values from a CDT in the Grid</description>
        <parentUuid>_a-0000df62-e884-8000-9ba2-011c48011c48_9172</parentUuid>
        <visibility>
            <advertise>false</advertise>
            <hierarchy>true</hierarchy>
            <indexable>true</indexable>
            <quota>false</quota>
            <searchable>true</searchable>
            <system>false</system>
            <unlogged>false</unlogged>
        </visibility>
        <definition>load(
  local!pagingInfo: #"SYSTEM_SYSRULES_pagingInfo"(
    startIndex: 1,
    batchSize: 3,
    sort: #"SYSTEM_SYSRULES_sortInfo"(
      field: "empid",
      ascending: true
    )
  ),
  with(
    local!datasubset: fn!todatasubset(
      ri!EmployeeCDTIntfInpt,
      local!pagingInfo
    ),
    #"SYSTEM_SYSRULES_gridField"(
      label: "Employee Details",
      labelPosition: "ABOVE",
      totalCount: local!datasubset.totalCount,
      columns: {
        #"SYSTEM_SYSRULES_gridTextColumn"(
          label: "Employee Id",
          field: "empid",
          data: index(
            local!datasubset.data,
            "empid",
            {}
          )
        ),
        #"SYSTEM_SYSRULES_gridTextColumn"(
          label: "Employee Name",
          data: index(
            local!datasubset.data,
            "empid",
            {}
          )
        ),
        #"SYSTEM_SYSRULES_gridTextColumn"(
          label: "Employee Designation",
          data: index(
            local!datasubset.data,
            "empdesignation",
            {}
          )
        ),
        #"SYSTEM_SYSRULES_gridTextColumn"(
          label: "employee Joining Date",
          data: index(
            local!datasubset.data,
            "empjoiningdate",
            {}
          )
        )
      },
      value: #"SYSTEM_SYSRULES_pagingInfo"(
        startIndex: 1,
        batchSize: 20
      ),
      saveInto: {},
      validations: {}
    )
  )
)</definition>
        <namedTypedValue>
            <name>EmployeeCDTIntfInpt</name>
            <type>
                <name>EmployeeCDT?list</name>
                <namespace>com:mad:emp</namespace>
            </type>
        </namedTypedValue>
        <metadataExpr></metadataExpr>
        <preferredEditor>interface</preferredEditor>
        <offlineEnabled>false</offlineEnabled>
    </rule>
    <roleMap public="true">
        <role inherit="true" allowForAll="false" name="readers">
            <users/>
            <groups/>
        </role>
        <role inherit="true" allowForAll="false" name="authors">
            <users/>
            <groups/>
        </role>
        <role inherit="true" allowForAll="false" name="administrators">
            <users/>
            <groups/>
        </role>
        <role inherit="false" allowForAll="false" name="denyReaders">
            <users/>
            <groups/>
        </role>
        <role inherit="false" allowForAll="false" name="denyAuthors">
            <users/>
            <groups/>
        </role>
        <role inherit="false" allowForAll="false" name="denyAdministrators">
            <users/>
            <groups/>
        </role>
    </roleMap>
    <history>
        <historyInfo versionUuid="_a-0000df67-fba4-8000-9ba2-011c48011c48_50193"/>
    </history>
</contentHaul>
