<?xml version="1.0" encoding="UTF-8" standalone="yes"?>
<contentHaul xmlns:a="http://www.appian.com/ae/types/2009">
    <versionUuid>_a-0000df67-fba4-8000-9ba2-011c48011c48_47631</versionUuid>
    <rule>
        <name>Marshall_Server_side_Paging_Interface</name>
        <uuid>_a-0000df67-fba4-8000-9ba2-011c48011c48_46573</uuid>
        <description>Marshall_Server_side_Paging_Interface</description>
        <parentUuid>_a-0000df67-fba4-8000-9ba2-011c48011c48_44790</parentUuid>
        <visibility>
            <advertise>false</advertise>
            <hierarchy>true</hierarchy>
            <indexable>true</indexable>
            <quota>false</quota>
            <searchable>true</searchable>
            <system>false</system>
            <unlogged>false</unlogged>
        </visibility>
        <definition>= load(
  local!filterStr,
  local!pagingInfo: #"SYSTEM_SYSRULES_pagingInfo"(
    startIndex: 1,
    batchSize: 5,
    sort: #"SYSTEM_SYSRULES_sortInfo"(
      field: "firstName",
      ascending: true
    )
  ),
  with(
    local!datasubset: if(
      
        isnull(
          local!filterStr
        ),
        
    
      #"SYSTEM_SYSRULES_queryEntity"(
        entity: #"_a-0000df52-6831-8000-9ba2-011c48011c48_8124",
        query: #"SYSTEM_SYSRULES_query"(
          pagingInfo: local!pagingInfo
        )
      ),
      #"_a-0000df67-fba4-8000-9ba2-011c48011c48_46829"(
        local!filterStr
      )
    ),
    local!dataForCurrentPage: local!datasubset.data,
    #"SYSTEM_SYSRULES_formLayout_v1"(
      contents: {
        #"SYSTEM_SYSRULES_textField"(
          label: "Filter",
          value: local!filterStr,
          saveInto: local!filterStr
        ),
        #"SYSTEM_SYSRULES_gridField"(
          label: "Employees",
          instructions: local!pagingInfo,
          totalCount: local!datasubset.totalCount,
          columns: {
            #"SYSTEM_SYSRULES_gridTextColumn"(
              label: "Name",
              field: "firstName",
              data: index(
                local!dataForCurrentPage,
                "firstName",
                null
              ),
              alignment: "LEFT"
            )
          },
          value: local!pagingInfo,
          saveInto: local!pagingInfo
        )
      }
    )
  )
)</definition>
        <metadataExpr></metadataExpr>
        <preferredEditor>interface</preferredEditor>
        <offlineEnabled>false</offlineEnabled>
    </rule>
    <roleMap public="true">
        <role inherit="true" allowForAll="false" name="readers">
            <users/>
            <groups/>
        </role>
        <role inherit="true" allowForAll="false" name="authors">
            <users/>
            <groups/>
        </role>
        <role inherit="true" allowForAll="false" name="administrators">
            <users/>
            <groups/>
        </role>
        <role inherit="false" allowForAll="false" name="denyReaders">
            <users/>
            <groups/>
        </role>
        <role inherit="false" allowForAll="false" name="denyAuthors">
            <users/>
            <groups/>
        </role>
        <role inherit="false" allowForAll="false" name="denyAdministrators">
            <users/>
            <groups/>
        </role>
    </roleMap>
    <history>
        <historyInfo versionUuid="_a-0000df67-fba4-8000-9ba2-011c48011c48_47631"/>
    </history>
</contentHaul>
