<?xml version="1.0" encoding="UTF-8" standalone="yes"?>
<contentHaul xmlns:a="http://www.appian.com/ae/types/2009">
    <versionUuid>_a-0000df67-fba4-8000-9ba2-011c48011c48_46446</versionUuid>
    <rule>
        <name>Marshall_Creating_Dynamic_Component</name>
        <uuid>_a-0000df67-fba4-8000-9ba2-011c48011c48_45801</uuid>
        <description>creating dynamic components</description>
        <parentUuid>_a-0000df67-fba4-8000-9ba2-011c48011c48_44790</parentUuid>
        <visibility>
            <advertise>false</advertise>
            <hierarchy>true</hierarchy>
            <indexable>true</indexable>
            <quota>false</quota>
            <searchable>true</searchable>
            <system>false</system>
            <unlogged>false</unlogged>
        </visibility>
        <definition>=load(
  local!fieldsToDisplayOnForm:{
    {
      fieldName:"Name",
      DisplayName:"Nominee name",
      type:"text",
      required:true
    },
    {
      fieldName:"dental",
      type:"number",
      required:false
    },
   
  },
  #"SYSTEM_SYSRULES_formLayout_v1"(
    label:"Buy",
    contents:{
      #"SYSTEM_SYSRULES_applyComponents"(
        #"_a-0000df67-fba4-8000-9ba2-011c48011c48_45844",local!fieldsToDisplayOnForm
      )
    }
    
  )
)</definition>
        <metadataExpr></metadataExpr>
        <preferredEditor>interface</preferredEditor>
        <offlineEnabled>false</offlineEnabled>
    </rule>
    <roleMap public="true">
        <role inherit="true" allowForAll="false" name="readers">
            <users/>
            <groups/>
        </role>
        <role inherit="true" allowForAll="false" name="authors">
            <users/>
            <groups/>
        </role>
        <role inherit="true" allowForAll="false" name="administrators">
            <users/>
            <groups/>
        </role>
        <role inherit="false" allowForAll="false" name="denyReaders">
            <users/>
            <groups/>
        </role>
        <role inherit="false" allowForAll="false" name="denyAuthors">
            <users/>
            <groups/>
        </role>
        <role inherit="false" allowForAll="false" name="denyAdministrators">
            <users/>
            <groups/>
        </role>
    </roleMap>
    <history>
        <historyInfo versionUuid="_a-0000df67-fba4-8000-9ba2-011c48011c48_46446"/>
    </history>
</contentHaul>
