<?xml version="1.0" encoding="UTF-8" standalone="yes"?>
<contentHaul xmlns:a="http://www.appian.com/ae/types/2009">
    <versionUuid>_a-0000df67-fba4-8000-9ba2-011c48011c48_46477</versionUuid>
    <rule>
        <name>Marshall_Creating_Features_Rule</name>
        <uuid>_a-0000df67-fba4-8000-9ba2-011c48011c48_45844</uuid>
        <description>Rule for creting a feature based on CDT input</description>
        <parentUuid>_a-0000df67-fba4-8000-9ba2-011c48011c48_44790</parentUuid>
        <visibility>
            <advertise>false</advertise>
            <hierarchy>true</hierarchy>
            <indexable>true</indexable>
            <quota>false</quota>
            <searchable>true</searchable>
            <system>false</system>
            <unlogged>false</unlogged>
        </visibility>
        <definition>if(
  ri!inputFieldCDT.type="text",
  #"SYSTEM_SYSRULES_textField"(
    label:ri!inputFieldCDT.fieldName,
    value:ri!inputFieldCDT.value,
    saveInto:ri!inputFieldCDT.value
  ),
  if(
    ri!inputFieldCDT.type="number",
    #"SYSTEM_SYSRULES_integerField"(
      label:ri!inputFieldCDT.fieldName,
      value:ri!inputFieldCDT.value,
      saveInto:ri!inputFieldCDT.value
    ),
    {}
  )
)</definition>
        <namedTypedValue>
            <name>inputFieldCDT</name>
            <type>
                <name>inputFieldCDT</name>
                <namespace>com:mad:fields</namespace>
            </type>
        </namedTypedValue>
        <preferredEditor>legacy</preferredEditor>
        <offlineEnabled>false</offlineEnabled>
    </rule>
    <roleMap public="true">
        <role inherit="true" allowForAll="false" name="readers">
            <users/>
            <groups/>
        </role>
        <role inherit="true" allowForAll="false" name="authors">
            <users/>
            <groups/>
        </role>
        <role inherit="true" allowForAll="false" name="administrators">
            <users/>
            <groups/>
        </role>
        <role inherit="false" allowForAll="false" name="denyReaders">
            <users/>
            <groups/>
        </role>
        <role inherit="false" allowForAll="false" name="denyAuthors">
            <users/>
            <groups/>
        </role>
        <role inherit="false" allowForAll="false" name="denyAdministrators">
            <users/>
            <groups/>
        </role>
    </roleMap>
    <history>
        <historyInfo versionUuid="_a-0000df67-fba4-8000-9ba2-011c48011c48_46477"/>
    </history>
</contentHaul>
