<?xml version="1.0" encoding="UTF-8" standalone="yes"?>
<contentHaul xmlns:a="http://www.appian.com/ae/types/2009">
    <versionUuid>_a-0000df67-fba4-8000-9ba2-011c48011c48_46999</versionUuid>
    <rule>
        <name>Marshall_Searching_On_column</name>
        <uuid>_a-0000df67-fba4-8000-9ba2-011c48011c48_46829</uuid>
        <description>searching a text on a given column of records</description>
        <parentUuid>_a-0000df67-fba4-8000-9ba2-011c48011c48_44790</parentUuid>
        <visibility>
            <advertise>false</advertise>
            <hierarchy>true</hierarchy>
            <indexable>true</indexable>
            <quota>false</quota>
            <searchable>true</searchable>
            <system>false</system>
            <unlogged>false</unlogged>
        </visibility>
        <definition>#"SYSTEM_SYSRULES_queryEntity"(
  entity: #"_a-0000df52-6831-8000-9ba2-011c48011c48_8124",
  query: #"SYSTEM_SYSRULES_query"(
    
    logicalExpression: #"SYSTEM_SYSRULES_queryLogicalExpression"(
      operator: "OR",
      filters: {
        #"SYSTEM_SYSRULES_queryFilter"(
          field: "firstName",
          operator: "includes",
          value: ri!filterStr
        ),
        #"SYSTEM_SYSRULES_queryFilter"(
          field: "lastName",
          operator: "includes",
          value: ri!filterStr
        ),
        #"SYSTEM_SYSRULES_queryFilter"(
          field:"email",
          operator:"includes",
          value:ri!filterStr
        )
      }
    ),
    pagingInfo: #"SYSTEM_SYSRULES_pagingInfo"(
      startIndex: 1,
      batchSize: -1
    )
  )
)</definition>
        <namedTypedValue>
            <name>filterStr</name>
            <type>
                <name>string</name>
                <namespace>http://www.w3.org/2001/XMLSchema</namespace>
            </type>
            <value/>
        </namedTypedValue>
        <preferredEditor>legacy</preferredEditor>
        <offlineEnabled>false</offlineEnabled>
    </rule>
    <roleMap public="true">
        <role inherit="true" allowForAll="false" name="readers">
            <users/>
            <groups/>
        </role>
        <role inherit="true" allowForAll="false" name="authors">
            <users/>
            <groups/>
        </role>
        <role inherit="true" allowForAll="false" name="administrators">
            <users/>
            <groups/>
        </role>
        <role inherit="false" allowForAll="false" name="denyReaders">
            <users/>
            <groups/>
        </role>
        <role inherit="false" allowForAll="false" name="denyAuthors">
            <users/>
            <groups/>
        </role>
        <role inherit="false" allowForAll="false" name="denyAdministrators">
            <users/>
            <groups/>
        </role>
    </roleMap>
    <history>
        <historyInfo versionUuid="_a-0000df67-fba4-8000-9ba2-011c48011c48_46999"/>
    </history>
</contentHaul>
