<?xml version="1.0" encoding="UTF-8" standalone="yes"?>
<contentHaul xmlns:a="http://www.appian.com/ae/types/2009">
    <versionUuid>_a-0000df67-fba4-8000-9ba2-011c48011c48_45794</versionUuid>
    <rule>
        <name>Marshall_Validations</name>
        <uuid>_a-0000df67-fba4-8000-9ba2-011c48011c48_45664</uuid>
        <description>Validating-For-CharsAnd Nos</description>
        <parentUuid>_a-0000df67-fba4-8000-9ba2-011c48011c48_44790</parentUuid>
        <visibility>
            <advertise>false</advertise>
            <hierarchy>true</hierarchy>
            <indexable>true</indexable>
            <quota>false</quota>
            <searchable>true</searchable>
            <system>false</system>
            <unlogged>false</unlogged>
        </visibility>
        <definition>load(
  
  #"SYSTEM_SYSRULES_formLayout_v1"(
    contents:{
      
        #"SYSTEM_SYSRULES_textField"(
          label:"Your Comments",
          value:ri!comments,
          saveInto:ri!comments,
         
          validations:{if(len(ri!comments) &lt; 5, "mininum 5 chars",null),
          if(like(ri!comments, "*[0-9]*"),"no integers",null)}
        )
    }
    
  )
)</definition>
        <namedTypedValue>
            <name>comments</name>
            <type>
                <name>string</name>
                <namespace>http://www.w3.org/2001/XMLSchema</namespace>
            </type>
            <value/>
        </namedTypedValue>
        <metadataExpr></metadataExpr>
        <preferredEditor>interface</preferredEditor>
        <offlineEnabled>false</offlineEnabled>
    </rule>
    <roleMap public="true">
        <role inherit="true" allowForAll="false" name="readers">
            <users/>
            <groups/>
        </role>
        <role inherit="true" allowForAll="false" name="authors">
            <users/>
            <groups/>
        </role>
        <role inherit="true" allowForAll="false" name="administrators">
            <users/>
            <groups/>
        </role>
        <role inherit="false" allowForAll="false" name="denyReaders">
            <users/>
            <groups/>
        </role>
        <role inherit="false" allowForAll="false" name="denyAuthors">
            <users/>
            <groups/>
        </role>
        <role inherit="false" allowForAll="false" name="denyAdministrators">
            <users/>
            <groups/>
        </role>
    </roleMap>
    <history>
        <historyInfo versionUuid="_a-0000df67-fba4-8000-9ba2-011c48011c48_45794"/>
    </history>
</contentHaul>
