<?xml version="1.0" encoding="UTF-8" standalone="yes"?>
<contentHaul xmlns:a="http://www.appian.com/ae/types/2009">
    <versionUuid>_a-0000df67-fba4-8000-9ba2-011c48011c48_45685</versionUuid>
    <rule>
        <name>Marshall_LoadAndWithVars</name>
        <uuid>_a-0000df67-fba4-8000-9ba2-011c48011c48_44795</uuid>
        <description>Marshall_LoadAndWithVars</description>
        <parentUuid>_a-0000df67-fba4-8000-9ba2-011c48011c48_44790</parentUuid>
        <visibility>
            <advertise>false</advertise>
            <hierarchy>true</hierarchy>
            <indexable>true</indexable>
            <quota>false</quota>
            <searchable>true</searchable>
            <system>false</system>
            <unlogged>false</unlogged>
        </visibility>
        <definition>load(
  local!counter: 3,
  local!empList1: #"SYSTEM_SYSRULES_queryEntity"(
    entity: #"_a-0000df52-6831-8000-9ba2-011c48011c48_8124",
    query: #"SYSTEM_SYSRULES_query"(
      pagingInfo: topaginginfo(
        1,
        local!counter
      )
    )
  ),
  local!dummyVar: "",
  with(
    local!empList2: #"SYSTEM_SYSRULES_queryEntity"(
      entity: #"_a-0000df52-6831-8000-9ba2-011c48011c48_8124",
      query: #"SYSTEM_SYSRULES_query"(
        pagingInfo: topaginginfo(
          1,
          local!counter
        )
      )
    ),
    #"SYSTEM_SYSRULES_formLayout_v1"(
      contents: {
        #"SYSTEM_SYSRULES_textField"(
          label: "output1",
          value: local!empList1,
          readOnly: true
        ),
        #"SYSTEM_SYSRULES_textField"(
          label: "output2",
          value: local!empList2,
          readOnly: true
        ),
        #"SYSTEM_SYSRULES_textField"(
          label: "Touch Me",
          value: local!dummyVar,
          saveInto: {
            a!save(
              local!dummyVar,
              save!value
            ),
            a!save(
              local!counter,
              fn!len(
                local!dummyVar
              )
            )
          }
        )
      }
    )
  )
)</definition>
        <namedTypedValue>
            <name>comments</name>
            <type>
                <name>string</name>
                <namespace>http://www.w3.org/2001/XMLSchema</namespace>
            </type>
            <value/>
        </namedTypedValue>
        <metadataExpr></metadataExpr>
        <preferredEditor>interface</preferredEditor>
        <offlineEnabled>false</offlineEnabled>
    </rule>
    <roleMap public="true">
        <role inherit="true" allowForAll="false" name="readers">
            <users/>
            <groups/>
        </role>
        <role inherit="true" allowForAll="false" name="authors">
            <users/>
            <groups/>
        </role>
        <role inherit="true" allowForAll="false" name="administrators">
            <users/>
            <groups/>
        </role>
        <role inherit="false" allowForAll="false" name="denyReaders">
            <users/>
            <groups/>
        </role>
        <role inherit="false" allowForAll="false" name="denyAuthors">
            <users/>
            <groups/>
        </role>
        <role inherit="false" allowForAll="false" name="denyAdministrators">
            <users/>
            <groups/>
        </role>
    </roleMap>
    <history>
        <historyInfo versionUuid="_a-0000df67-fba4-8000-9ba2-011c48011c48_45685"/>
    </history>
</contentHaul>
